WITH credentials(id, mail, pass) AS (
  -- 5人のユーザーのUUID、メールアドレス、パスワードをここに記載します。
  SELECT * FROM (VALUES 
    ('123e4567-e89b-12d3-a456-426614174000', 'user1@example.com', 'password1'), 
    ('123e4567-e89b-12d3-a456-426614174001', 'user2@example.com', 'password2'), 
    ('123e4567-e89b-12d3-a456-426614174002', 'user3@example.com', 'password3'), 
    ('123e4567-e89b-12d3-a456-426614174003', 'user4@example.com', 'password4'), 
    ('123e4567-e89b-12d3-a456-426614174004', 'user5@example.com', 'password5')
  ) AS users(id, mail, pass)
),
create_user AS (
  INSERT INTO auth.users (id, instance_id, ROLE, aud, email, raw_app_meta_data, raw_user_meta_data, is_super_admin, encrypted_password, created_at, updated_at, last_sign_in_at, email_confirmed_at, confirmation_sent_at, confirmation_token, recovery_token, email_change_token_new, email_change)
    SELECT id::uuid, '00000000-0000-0000-0000-000000000000', 'authenticated', 'authenticated', mail, '{"provider":"email","providers":["email"]}', '{}', FALSE, crypt(pass, gen_salt('bf')), NOW(), NOW(), NOW(), NOW(), NOW(), '', '', '', '' FROM credentials
  RETURNING id
)
INSERT INTO auth.identities (id, provider_id, user_id, identity_data, provider, last_sign_in_at, created_at, updated_at)
  SELECT gen_random_uuid(), id, id, json_build_object('sub', id), 'email', NOW(), NOW(), NOW() FROM create_user;

INSERT INTO public.users (user_id, user_name, profile_id, bio, icon_image_url, follow, followed, created_at, deleted_at, is_private)
VALUES 
('123e4567-e89b-12d3-a456-426614174000', 'テスト用ユーザー', 'test', 'テスト用のユーザーです。', 'http://127.0.0.1:54321/storage/v1/object/public/local-images/29658BC8-1652-4C8A-80BD-1B0EE309D291.jpeg', 0, 0, '2024-01-01T00:00:00+09:00', NULL, FALSE),
('123e4567-e89b-12d3-a456-426614174001', 'ユーザー1', 'user1', 'ユーザー1です。', 'http://127.0.0.1:54321/storage/v1/object/public/local-images/IMG_6126.jpeg', 0, 0, '2024-01-01T00:00:00+09:00', NULL, FALSE),
('123e4567-e89b-12d3-a456-426614174002', 'ユーザー2', 'user2', 'ユーザー2です。', 'http://127.0.0.1:54321/storage/v1/object/public/local-images/IMG_8947.jpeg', 0, 0, '2024-01-01T00:00:00+09:00', NULL, FALSE),
('123e4567-e89b-12d3-a456-426614174003', 'ユーザー3', 'user3', 'ユーザー3です。', 'http://127.0.0.1:54321/storage/v1/object/public/local-images/B94A280B-633E-4645-891D-BA4BAC370744.jpeg', 0, 0, '2024-01-01T00:00:00+09:00', NULL, TRUE),
('123e4567-e89b-12d3-a456-426614174004', 'ユーザー4', 'user4', 'ユーザー4です。', 'http://127.0.0.1:54321/storage/v1/object/public/local-images/0675258E-93A7-434D-9E7E-E690A2713580.jpeg', 0, 0, '2024-01-01T00:00:00+09:00', NULL, FALSE);

INSERT INTO public.posts (entry_id, user_id, content, likes, views, image_urls, created_at, deleted_at)
VALUES 
(1, '123e4567-e89b-12d3-a456-426614174003', '今日は天気が良くて、とても気持ちの良い一日だった。散歩に出かけ、自然の美しさを感じながらリラックスできた。', 78, 57, '[]', '2024-07-04T14:17:16+09:00', NULL),
(2, '123e4567-e89b-12d3-a456-426614174003', '新しいレストランでランチを楽しんだ。料理も美味しく、サービスも良かったので、また行きたいと思った。', 37, 18, '[]', '2023-11-03T10:25:13+09:00', NULL),
(3, '123e4567-e89b-12d3-a456-426614174003', '今日、友達と久しぶりに会って、色々な話をした。時間が経つのを忘れるくらい楽しいひとときだった。', 88, 282, '[]', '2024-01-14T15:30:22+09:00', NULL),
(4, '123e4567-e89b-12d3-a456-426614174000', '最近読んだ本がとても面白かった。特に主人公の成長に感動した。おすすめの一冊だ。', 20, 295, '[]', '2024-02-27T17:00:00+09:00', NULL),
(5, '123e4567-e89b-12d3-a456-426614174003', '新しい趣味として始めた写真撮影。風景や花の写真を撮るのがとても楽しい。カメラの使い方をもっと勉強しよう。', 93, 322, '[]', '2023-12-13T13:45:33+09:00', NULL),
(6, '123e4567-e89b-12d3-a456-426614174001', '週末に映画を見に行った。ストーリーも良く、俳優の演技も素晴らしかった。また観たいと思った。', 100, 212, '[]', '2024-03-24T16:20:10+09:00', NULL),
(7, '123e4567-e89b-12d3-a456-426614174000', '今日は久しぶりに運動をした。体を動かすのはやっぱり気持ちがいい。これからも定期的に運動を続けたい。', 42, 153, '[]', '2024-06-30T11:30:00+09:00', NULL),
(8, '123e4567-e89b-12d3-a456-426614174002', '家で過ごす時間が多くなっているので、料理のレパートリーを増やすことに挑戦している。新しいレシピに挑戦するのは楽しい。', 52, 271, '[]', '2024-09-23T14:45:00+09:00', NULL),
(9, '123e4567-e89b-12d3-a456-426614174001', '最近、音楽を聴く時間が増えている。お気に入りのアーティストを見つけると、ついリピートしてしまう。音楽はやはり心の癒しだ。', 65, 12, '[]', '2024-01-18T15:00:00+09:00', NULL),
(10, '123e4567-e89b-12d3-a456-426614174003', '仕事が忙しかったけれど、今日は少しだけ自分の時間を持つことができた。リラックスして、リフレッシュできた。', 14, 477, '[]', '2024-04-15T12:00:00+09:00', NULL),
(11, '123e4567-e89b-12d3-a456-426614174002', '自然と触れ合うことで心が癒される。山や川の近くに行くと、日々のストレスが和らぐ気がする。', 2, 142, '[]', '2024-08-10T10:00:00+09:00', NULL),
(12, '123e4567-e89b-12d3-a456-426614174003', '今日は新しいことに挑戦した。結果はどうであれ、挑戦することが大事だと感じた。これからも積極的に挑戦したい。', 96, 312, '[]', '2024-04-13T17:17:00+09:00', NULL),
(13, '123e4567-e89b-12d3-a456-426614174003', '久しぶりに家族とビデオ通話をした。顔を見るだけで安心感がある。家族の存在は大切だと改めて感じた。', 97, 464, '[]', '2024-09-17T19:05:00+09:00', NULL),
(14, '123e4567-e89b-12d3-a456-426614174002', 'この前買った本を読み始めた。最初は難しそうだったけど、読み進めるうちに内容に引き込まれていった。', 74, 229, '[]', '2024-08-02T15:30:00+09:00', NULL),
(15, '123e4567-e89b-12d3-a456-426614174004', '天気が良いので久しぶりに外でランチをした。外の空気を吸いながら食事を楽しむのは最高だ。', 38, 346, '[]', '2024-06-09T12:00:00+09:00', NULL),
(16, '123e4567-e89b-12d3-a456-426614174002', '今日は特に何もすることがなかったので、のんびり過ごした。たまにはこういう日も必要だと思う。', 96, 323, '[]', '2024-08-29T18:00:00+09:00', NULL),
(17, '123e4567-e89b-12d3-a456-426614174001', '新しい趣味を見つけたいと思っているが、何を始めようか悩んでいる。時間ができたら色々試してみよう。', 51, 162, '[]', '2024-03-13T16:00:00+09:00', NULL),
(18, '123e4567-e89b-12d3-a456-426614174004', '友達に教えてもらった音楽がとても良かった。新しい音楽との出会いはいつもワクワクする。', 11, 68, '[]', '2024-04-01T20:00:00+09:00', NULL),
(19, '123e4567-e89b-12d3-a456-426614174001', '今日は一日中家で作業していた。集中して取り組めたので、予定していたことが全て片付いた。', 27, 302, '[]', '2024-01-18T14:00:00+09:00', NULL),
(20, '123e4567-e89b-12d3-a456-426614174003', '最近、健康のために食生活を見直している。バランスの良い食事を心がけることで、体調が良くなってきた気がする。', 23, 12, '[]', '2024-02-11T09:45:00+09:00', NULL);

INSERT INTO public.follows (follower_id, followed_id, created_at, status, updated_at, followed_notified, follower_notified)
VALUES
('123e4567-e89b-12d3-a456-426614174000', '123e4567-e89b-12d3-a456-426614174001', '2024-01-01T00:00:00+09:00', 'approved', '2024-01-01T00:00:00+09:00', FALSE, FALSE),
('123e4567-e89b-12d3-a456-426614174000', '123e4567-e89b-12d3-a456-426614174002', '2024-01-01T00:00:00+09:00', 'approved', '2024-01-01T00:00:00+09:00', FALSE, FALSE),
('123e4567-e89b-12d3-a456-426614174000', '123e4567-e89b-12d3-a456-426614174003', '2024-01-01T00:00:00+09:00', 'approved', '2024-01-01T00:00:00+09:00', FALSE, FALSE),
('123e4567-e89b-12d3-a456-426614174001', '123e4567-e89b-12d3-a456-426614174000', '2024-01-01T00:00:00+09:00', 'approved', '2024-01-01T00:00:00+09:00', FALSE, FALSE),
('123e4567-e89b-12d3-a456-426614174001', '123e4567-e89b-12d3-a456-426614174002', '2024-01-01T00:00:00+09:00', 'approved', '2024-01-01T00:00:00+09:00', FALSE, FALSE),
('123e4567-e89b-12d3-a456-426614174001', '123e4567-e89b-12d3-a456-426614174003', '2024-01-01T00:00:00+09:00', 'approved', '2024-01-01T00:00:00+09:00', FALSE, FALSE),
('123e4567-e89b-12d3-a456-426614174002', '123e4567-e89b-12d3-a456-426614174000', '2024-01-01T00:00:00+09:00', 'approved', '2024-01-01T00:00:00+09:00', FALSE, FALSE),
('123e4567-e89b-12d3-a456-426614174002', '123e4567-e89b-12d3-a456-426614174001', '2024-01-01T00:00:00+09:00', 'approved', '2024-01-01T00:00:00+09:00', FALSE, FALSE);

INSERT INTO public.mlogs (user_id, info_1, info_2, type, title, thumbnail_url, likes, views, created_at)
VALUES
('123e4567-e89b-12d3-a456-426614174000', 'ローリング・ストーンズ', '東京ドーム', 'liveReport', 'ローリング・ストーンズ 東京ドーム ライブレポート', 'https://example.com/thumb1.jpg', 250, 3200, '2023-10-01 10:30:00'),
('123e4567-e89b-12d3-a456-426614174001', 'テイラー・スウィフト', '日産スタジアム', 'liveReport', 'テイラー・スウィフト 日産スタジアム 公演レポート', 'https://example.com/thumb2.jpg', 180, 2900, '2023-10-02 11:00:00'),
('123e4567-e89b-12d3-a456-426614174002', 'ビリー・アイリッシュ', 'マディソン・スクエア・ガーデン', 'liveReport', 'ビリー・アイリッシュ マディソン・スクエア・ガーデンでの夜', 'https://example.com/thumb3.jpg', 300, 4000, '2023-10-03 12:00:00'),
('123e4567-e89b-12d3-a456-426614174003', 'アデル', 'ロイヤル・アルバート・ホール', 'liveReport', 'アデル、ロイヤル・アルバート・ホールでの感動的な公演', 'https://example.com/thumb4.jpg', 350, 4200, '2023-10-04 13:00:00'),
('123e4567-e89b-12d3-a456-426614174000', 'ケンドリック・ラマー', 'コーチェラ 2023', 'review', 'ケンドリック・ラマーのコーチェラ パフォーマンス レビュー', 'https://example.com/thumb5.jpg', 275, 3300, '2023-10-05 14:30:00'),
('123e4567-e89b-12d3-a456-426614174001', 'ビヨンセ', 'ルネサンス・ワールドツアー', 'review', 'ビヨンセ ルネサンス・ワールドツアー レビュー', 'https://example.com/thumb6.jpg', 150, 2600, '2023-10-06 15:00:00'),
('123e4567-e89b-12d3-a456-426614174002', 'レディオヘッド', 'イン・レインボウズ', 'review', 'レディオヘッド「イン・レインボウズ」アルバムレビュー', 'https://example.com/thumb7.jpg', 320, 4100, '2023-10-07 16:00:00'),
('123e4567-e89b-12d3-a456-426614174003', 'ロード', 'ソーラー・パワー', 'review', 'ロード「ソーラー・パワー」アルバムレビュー', 'https://example.com/thumb8.jpg', 230, 3100, '2023-10-08 17:00:00'),
('123e4567-e89b-12d3-a456-426614174000', 'サマーバイブス・プレイリスト', 'ポップ＆インディー', 'playlist', '夏のバイブス！リラックス用プレイリスト', 'https://example.com/thumb9.jpg', 180, 2400, '2023-10-09 18:30:00'),
('123e4567-e89b-12d3-a456-426614174001', 'ワークアウト・プレイリスト', 'ハイエナジートラック', 'playlist', 'トレーニングに最適なエナジープレイリスト', 'https://example.com/thumb10.jpg', 300, 3700, '2023-10-10 19:00:00'),
('123e4567-e89b-12d3-a456-426614174002', 'リラクゼーション・プレイリスト', 'アコースティック＆チルビーツ', 'playlist', 'リラックス用の癒しのプレイリスト', 'https://example.com/thumb11.jpg', 275, 2900, '2023-10-11 20:00:00'),
('123e4567-e89b-12d3-a456-426614174003', 'ロードトリップ・プレイリスト', 'クラシックロックアンセム', 'playlist', 'ロードトリップにぴったり！クラシックロックプレイリスト', 'https://example.com/thumb12.jpg', 200, 2500, '2023-10-12 21:00:00'),
('123e4567-e89b-12d3-a456-426614174000', '2023年の音楽フェス', '世界中', 'general', '2023年注目の音楽フェス トップ10', 'https://example.com/thumb13.jpg', 170, 2200, '2023-10-13 22:30:00'),
('123e4567-e89b-12d3-a456-426614174001', '新しいアルバムリリース', '2023年10月', 'general', '2023年10月の注目アルバムリリース', 'https://example.com/thumb14.jpg', 320, 3400, '2023-10-14 23:00:00'),
('123e4567-e89b-12d3-a456-426614174002', '音楽業界の最新動向', 'グローバルトレンド', 'general', 'ストリーミングが変える音楽業界の未来', 'https://example.com/thumb15.jpg', 265, 3000, '2023-10-15 09:00:00'),
('123e4567-e89b-12d3-a456-426614174003', 'ポール・マッカートニー', '武道館', 'liveReport', 'ポール・マッカートニー 武道館 公演レポート', 'https://example.com/thumb16.jpg', 300, 3800, '2023-10-16 10:30:00'),
('123e4567-e89b-12d3-a456-426614174000', 'エルトン・ジョン', 'パリ', 'liveReport', 'エルトン・ジョン パリでの感動的なステージ', 'https://example.com/thumb17.jpg', 220, 3400, '2023-10-17 11:00:00'),
('123e4567-e89b-12d3-a456-426614174001', 'ザ・ウィークエンド', 'ニューヨーク', 'liveReport', 'ザ・ウィークエンド ニューヨーク公演 レポート', 'https://example.com/thumb18.jpg', 320, 4500, '2023-10-18 12:00:00'),
('123e4567-e89b-12d3-a456-426614174002', 'レディー・ガガ', 'ラスベガス', 'liveReport', 'レディー・ガガ ラスベガス ショーケース レビュー', 'https://example.com/thumb19.jpg', 400, 4800, '2023-10-19 13:00:00'),
('123e4567-e89b-12d3-a456-426614174003', 'アリアナ・グランデ', 'コーチェラ 2023', 'review', 'アリアナ・グランデの圧巻のコーチェラパフォーマンス', 'https://example.com/thumb20.jpg', 290, 3300, '2023-10-20 14:30:00'),
('123e4567-e89b-12d3-a456-426614174000', 'デュア・リパ', '新アルバム「フューチャー・ノスタルジア」', 'review', 'デュア・リパ「フューチャー・ノスタルジア」アルバムレビュー', 'https://example.com/thumb21.jpg', 200, 3100, '2023-10-21 15:00:00'),
('123e4567-e89b-12d3-a456-426614174001', 'ドレイク', '「サーティファイド・ラヴァー・ボーイ」', 'review', 'ドレイク「サーティファイド・ラヴァー・ボーイ」レビュー', 'https://example.com/thumb22.jpg', 350, 4600, '2023-10-22 16:00:00'),
('123e4567-e89b-12d3-a456-426614174002', 'トラヴィス・スコット', '「ユートピア」', 'review', 'トラヴィス・スコット「ユートピア」レビュー', 'https://example.com/thumb23.jpg', 270, 4200, '2023-10-23 17:00:00'),
('123e4567-e89b-12d3-a456-426614174003', 'ジャスティン・ビーバー', '「パーパス」', 'playlist', 'ジャスティン・ビーバー「パーパス」ヒットプレイリスト', 'https://example.com/thumb24.jpg', 230, 3000, '2023-10-24 18:30:00'),
('123e4567-e89b-12d3-a456-426614174000', 'グラミー賞 2023', '受賞アーティスト一覧', 'playlist', '2023年グラミー賞 受賞者のプレイリスト', 'https://example.com/thumb25.jpg', 310, 3900, '2023-10-25 19:00:00'),
('123e4567-e89b-12d3-a456-426614174001', 'リラックス・ミュージック', 'ジャズ＆アコースティック', 'playlist', '落ち着く音楽ジャズ＆アコースティックプレイリスト', 'https://example.com/thumb26.jpg', 280, 3500, '2023-10-26 20:00:00'),
('123e4567-e89b-12d3-a456-426614174002', 'フィットネス・ミックス', 'ハイエナジーソング', 'playlist', 'エネルギー全開フィットネスプレイリスト', 'https://example.com/thumb27.jpg', 260, 3200, '2023-10-27 21:00:00'),
('123e4567-e89b-12d3-a456-426614174003', '音楽の進化', 'グローバル視点', 'general', '音楽の進化とその未来', 'https://example.com/thumb28.jpg', 150, 2100, '2023-10-28 22:30:00'),
('123e4567-e89b-12d3-a456-426614174000', 'ストリーミングの時代', '音楽ビジネスの転換点', 'general', 'ストリーミングがもたらす音楽ビジネスの転換', 'https://example.com/thumb29.jpg', 170, 2400, '2023-10-29 23:00:00'),
('123e4567-e89b-12d3-a456-426614174001', '次世代アーティスト', '新人注目アーティスト', 'general', '注目の次世代アーティスト特集', 'https://example.com/thumb30.jpg', 200, 2700, '2023-10-30 09:00:00');

INSERT INTO public.artists (artist_name)
VALUES
('ONE OK ROCK'),
('米津玄師'),
('星野源'),
('ずっと真夜中でいいのに。'),
('サカナクション'),
('あいみょん'),
('Perfume'),
('BUMP OF CHICKEN'),
('スピッツ'),
('RADWIMPS'),
('ゆず'),
('椎名林檎'),
('宇多田ヒカル'),
('King Gnu'),
('Mrs. GREEN APPLE'),
('Official髭男dism'),
('ASIAN KUNG-FU GENERATION'),
('ELLEGARDEN'),
('back number'),
('藤井風'),
('LiSA'),
('クリープハイプ'),
('YOASOBI'),
('Vaundy'),
('東京事変'),
('中島美嘉'),
('KANA-BOON'),
('湘南乃風'),
('AI'),
('GReeeeN'),
('HY'),
('UVERworld'),
('10-FEET'),
('鬼束ちひろ'),
('菅田将暉'),
('玉置浩二'),
('浜崎あゆみ'),
('コブクロ'),
('GLAY'),
('高橋優'),
('平井堅'),
('AKB48'),
('ゴールデンボンバー'),
('いきものがかり'),
('Dragon Ash'),
('ORANGE RANGE'),
('THE ORAL CIGARETTES'),
('竹原ピストル'),
('石崎ひゅーい'),
('斉藤和義');

INSERT INTO public.users_artists (user_id, artist_id)
VALUES
('123e4567-e89b-12d3-a456-426614174000', 1),
('123e4567-e89b-12d3-a456-426614174000', 2),
('123e4567-e89b-12d3-a456-426614174000', 3),
('123e4567-e89b-12d3-a456-426614174000', 4),
('123e4567-e89b-12d3-a456-426614174000', 5),
('123e4567-e89b-12d3-a456-426614174000', 6),
('123e4567-e89b-12d3-a456-426614174000', 7),
('123e4567-e89b-12d3-a456-426614174000', 8),
('123e4567-e89b-12d3-a456-426614174000', 9),
('123e4567-e89b-12d3-a456-426614174000', 10),
('123e4567-e89b-12d3-a456-426614174001', 11),
('123e4567-e89b-12d3-a456-426614174001', 12),
('123e4567-e89b-12d3-a456-426614174001', 13),
('123e4567-e89b-12d3-a456-426614174001', 14),
('123e4567-e89b-12d3-a456-426614174001', 15),
('123e4567-e89b-12d3-a456-426614174001', 16),
('123e4567-e89b-12d3-a456-426614174001', 17),
('123e4567-e89b-12d3-a456-426614174001', 18),
('123e4567-e89b-12d3-a456-426614174001', 19),
('123e4567-e89b-12d3-a456-426614174001', 20),
('123e4567-e89b-12d3-a456-426614174002', 21),
('123e4567-e89b-12d3-a456-426614174002', 22),
('123e4567-e89b-12d3-a456-426614174002', 23),
('123e4567-e89b-12d3-a456-426614174002', 24),
('123e4567-e89b-12d3-a456-426614174002', 25),
('123e4567-e89b-12d3-a456-426614174002', 26),
('123e4567-e89b-12d3-a456-426614174002', 27),
('123e4567-e89b-12d3-a456-426614174002', 28),
('123e4567-e89b-12d3-a456-426614174002', 29),
('123e4567-e89b-12d3-a456-426614174002', 30),
('123e4567-e89b-12d3-a456-426614174003', 31),
('123e4567-e89b-12d3-a456-426614174003', 32),
('123e4567-e89b-12d3-a456-426614174003', 33),
('123e4567-e89b-12d3-a456-426614174003', 34),
('123e4567-e89b-12d3-a456-426614174003', 35),
('123e4567-e89b-12d3-a456-426614174003', 36),
('123e4567-e89b-12d3-a456-426614174003', 37),
('123e4567-e89b-12d3-a456-426614174003', 38),
('123e4567-e89b-12d3-a456-426614174003', 39),
('123e4567-e89b-12d3-a456-426614174003', 40),
('123e4567-e89b-12d3-a456-426614174004', 41),
('123e4567-e89b-12d3-a456-426614174004', 42),
('123e4567-e89b-12d3-a456-426614174004', 43),
('123e4567-e89b-12d3-a456-426614174004', 44),
('123e4567-e89b-12d3-a456-426614174004', 45),
('123e4567-e89b-12d3-a456-426614174004', 46),
('123e4567-e89b-12d3-a456-426614174004', 47),
('123e4567-e89b-12d3-a456-426614174004', 48),
('123e4567-e89b-12d3-a456-426614174004', 49),
('123e4567-e89b-12d3-a456-426614174004', 50);
